episode,reward,loss,epsilon,time
0.0,-40.20279368256493,,1.0,0.5956313610076904
1.0,-0.31889124558491305,0.0016809683859658738,0.9249999999999999,5.739055395126343
2.0,-0.17272804707413136,0.0003566562492310503,0.8239999999999998,12.578118801116943
3.0,-0.17198876712704167,0.00031024905882365446,0.7229999999999998,19.804171562194824
4.0,-0.28199874781059725,0.0003724239268374749,0.6219999999999997,27.409016370773315
5.0,-0.3266782102677469,0.0003410833419501173,0.5209999999999996,35.78943133354187
6.0,-0.33398176513892314,0.00035024895047478487,0.4199999999999995,44.3902428150177
7.0,-0.43080150441050047,0.0004028108933108333,0.3189999999999994,53.21854376792908
8.0,-0.2556599709499567,0.0005306849452968926,0.2179999999999993,62.39483976364136
9.0,-0.25917250221674043,0.0006305392446010235,0.11699999999999922,71.81827998161316
10.0,-0.26703042067497246,0.0008595785610769681,0.015999999999999126,82.2051637172699
11.0,-0.13382254633663257,0.0009502443870515701,0.01,92.5580587387085
12.0,-0.22460285797753313,0.0013298696891916454,0.01,102.94197630882263
13.0,-0.2623728720968094,0.0016515533068669167,0.01,113.2389645576477
14.0,-0.1694101335677024,0.0017202844016834871,0.01,123.85291647911072
15.0,-0.15126141346383698,0.0019717171740957933,0.01,134.16455030441284
16.0,-0.16758881117416094,0.0024216200811742333,0.01,144.5885214805603
17.0,-0.2858715379156195,0.0020059062085012987,0.01,155.18260741233826
18.0,-0.40545953947870556,0.002320961521864675,0.01,165.45864367485046
19.0,-0.12765025164826008,0.0027135477647978333,0.01,175.91018080711365
20.0,-0.44425251222335793,0.0029636799112321937,0.01,186.56028628349304
21.0,-0.3848986463555493,0.002976621509792449,0.01,197.0168559551239
22.0,-0.2661879326016235,0.0032195362209406966,0.01,207.44055676460266
23.0,-0.13381482823027233,0.0028806512533931412,0.01,218.15824937820435
24.0,-0.20635442526999728,0.003541854743864203,0.01,228.45600080490112
25.0,-0.14680977823431637,0.0033295921195243107,0.01,238.87415885925293
26.0,-0.1311257318201517,0.0033604258764765712,0.01,249.53168559074402
27.0,-0.0666699773683196,0.0027386648880114947,0.01,259.84721159935
28.0,-0.1294484365401795,0.0028044276174600466,0.01,270.1805396080017
29.0,-0.13769496113752114,0.0029681037591613533,0.01,280.57140350341797
30.0,-0.33398491221540194,0.002502191578393046,0.01,291.002916097641
31.0,-0.06223581837846831,0.0026015028706751764,0.01,301.38748478889465
32.0,-0.0007958085807774286,0.0027803722279155533,0.01,311.78458404541016
33.0,-0.271162155365702,0.002989280238715323,0.01,322.33175563812256
34.0,-0.21300449221575857,0.003574150090571493,0.01,332.61454463005066
35.0,-0.06453155623585269,0.003015379922229354,0.01,343.0944969654083
36.0,-0.28269061424610137,0.0031362173653502793,0.01,353.8283998966217
37.0,-0.06213355808902235,0.0029274681121996132,0.01,364.18137192726135
38.0,-0.19528240742933048,0.002925499083040891,0.01,374.5125057697296
39.0,-0.18609531551972275,0.0029022249434659682,0.01,385.3102889060974
40.0,-0.1952186787642539,0.003294236369610829,0.01,395.64715909957886
41.0,-0.06689438813771362,0.0031962796946581784,0.01,406.0411412715912
42.0,-0.07038812922931163,0.0033736068082254123,0.01,416.7566270828247
43.0,-0.13543065823169323,0.003104286965692766,0.01,427.0930016040802
44.0,-0.1953763363825506,0.002791507237032978,0.01,437.55952501296997
45.0,-0.12919940396411173,0.003397260202408427,0.01,447.85558581352234
46.0,-0.00025162337564734653,0.002971067017239362,0.01,458.2632234096527
47.0,-0.06605512090222812,0.0030526035830682825,0.01,468.6786081790924
48.0,-0.06184546871587966,0.0024964370699092227,0.01,479.1969449520111
49.0,-0.0004207176153451598,0.0024711148361537126,0.01,489.8502025604248
50.0,-0.06325105140430434,0.0025569224905333306,0.01,500.33953070640564
51.0,-0.06423209983702183,0.00304840931018796,0.01,510.96365666389465
52.0,-0.144145617110178,0.002908238035161048,0.01,521.6615636348724
53.0,-0.001091183657267978,0.00299290542278697,0.01,532.1232738494873
54.0,-0.12971484477037085,0.0036322539113231448,0.01,542.5536839962006
55.0,-0.0636811271364921,0.003019790509473625,0.01,553.2542896270752
56.0,-0.26961865566354526,0.0029825146061063994,0.01,563.6031181812286
57.0,-0.19392133831685351,0.0030937941939717544,0.01,574.095486164093
58.0,-0.06408378654857573,0.0032537283397759175,0.01,584.9537863731384
59.0,-0.34723021721919095,0.0029213430675779388,0.01,595.4536101818085
60.0,-0.3701693030180225,0.002852868150440183,0.01,605.9649760723114
61.0,-0.06344461680928003,0.0032164894394797854,0.01,616.8153676986694
62.0,-0.29284895480841805,0.002679428478730566,0.01,627.2837760448456
63.0,-0.20374446790986547,0.00238604134405124,0.01,637.7042963504791
64.0,-0.13369143467032282,0.0026799039667389254,0.01,648.402753829956
65.0,-0.06295702805467761,0.0029359745238631005,0.01,658.854172706604
66.0,-0.06655333670945823,0.0028773081871579483,0.01,669.3745303153992
67.0,-0.0007898136604004136,0.0035229001936530418,0.01,679.8681647777557
68.0,-0.12605507144678135,0.003117187948272757,0.01,690.5730857849121
69.0,-0.1256413392801323,0.0029982157924101863,0.01,701.1076536178589
70.0,-0.12786980615911736,0.0034345865167797274,0.01,711.5186128616333
71.0,-0.0612014741178027,0.0028877130353426803,0.01,722.220546245575
72.0,-0.06533130816633455,0.003204645992413458,0.01,732.7170770168304
73.0,-0.12772764993114705,0.0028301180025682516,0.01,743.2198503017426
74.0,-0.06506331686612327,0.0027181805131062495,0.01,754.0149066448212
75.0,-0.12614472517962233,0.0029326338588379986,0.01,764.5694561004639
76.0,-0.0628864534567451,0.002974151913191902,0.01,775.1229496002197
77.0,-0.06348859011423048,0.0026589496447912207,0.01,785.9178357124329
78.0,-0.060906929136065296,0.0028953121013773403,0.01,796.5086150169373
79.0,-0.2004623082480078,0.0029576323139204616,0.01,807.0005519390106
80.0,-0.3312649138423402,0.002752327366552251,0.01,817.7036285400391
81.0,-0.06438914246243793,0.003367820901607191,0.01,828.2387037277222
82.0,-0.12155749147940646,0.003074473190515551,0.01,838.7291650772095
83.0,-0.1259517407559167,0.003044563342729528,0.01,849.2517831325531
84.0,-0.1277290452539278,0.0024985114578157663,0.01,860.016402721405
85.0,-0.06347000826395717,0.0025436095311306417,0.01,870.5338666439056
86.0,-0.19182079419616418,0.0031551410407196765,0.01,881.1369795799255
87.0,-0.2052576488810551,0.0032655861779660135,0.01,891.9374012947083
88.0,-0.06450104759108116,0.0030261965498494187,0.01,902.470388174057
89.0,-0.06048877135427186,0.0023685146098965685,0.01,912.9776887893677
90.0,-0.0005755179328555416,0.002502654862387272,0.01,923.8278851509094
91.0,-0.12764864235389894,0.002978441225927286,0.01,934.2879917621613
92.0,-0.2747737676482503,0.002927913247506217,0.01,944.7826404571533
93.0,-0.062302412293608854,0.002689181830466605,0.01,955.607652425766
94.0,-0.12849908286860903,0.002792604515988306,0.01,966.1078774929047
95.0,-0.06118933261394594,0.0022494403494402104,0.01,976.6170225143433
96.0,-0.06112491062924253,0.0034561979833363306,0.01,987.2249224185944
97.0,-0.27228822167356187,0.002044802328161342,0.01,997.6664535999298
98.0,-0.06198681645133251,0.00266002538604754,0.01,1008.1814351081848
99.0,-0.06360616343984053,0.0025739295017389156,0.01,1018.5461912155151
100.0,-0.13167151566301882,0.002253932513856781,0.01,1029.3891820907593
101.0,-0.0663729275162614,0.0017212488761144036,0.01,1039.920381784439
102.0,-0.06442188603203197,0.0033727312278426665,0.01,1050.3933455944061
103.0,-0.1264220413756463,0.002401600401654913,0.01,1061.2981281280518
104.0,-0.063099373450686,0.0023527505766083993,0.01,1071.8422236442566
105.0,-0.06294650409671283,0.0031487648882488214,0.01,1082.4176800251007
106.0,-0.12626747688156084,0.002667716856455744,0.01,1093.3140635490417
107.0,-0.13988344446992623,0.0029341816875650224,0.01,1103.8055300712585
108.0,-0.06185073066454155,0.002395596547112201,0.01,1114.296276807785
109.0,-0.32458847842850275,0.0024652380685294324,0.01,1125.2755556106567
110.0,-0.061661579914127726,0.002486788700011992,0.01,1135.7960386276245
111.0,-0.06357487733615876,0.0026819798553657562,0.01,1146.307023525238
112.0,-0.1243536179641547,0.0026140302669782523,0.01,1156.8265612125397
113.0,-0.00036494330541445014,0.0028980952989549774,0.01,1167.3598959445953
114.0,-0.3574787585915233,0.0025414741923110466,0.01,1177.9359591007233
115.0,-0.06335530349898734,0.0030769797048927974,0.01,1188.535301208496
116.0,-0.13111859134964884,0.0032576225256538112,0.01,1199.3706958293915
117.0,-0.00024274827863865662,0.0020506755825786824,0.01,1209.866629600525
118.0,-0.06098223560617373,0.002992872607497738,0.01,1220.351826429367
119.0,-0.061467518104668266,0.0031153155406614267,0.01,1231.2524862289429
120.0,-0.06241229121024048,0.00226803259096468,0.01,1241.825421333313
121.0,-0.06166510012718941,0.003025242778712349,0.01,1252.4181299209595
122.0,-0.0007682543347973535,0.003266657806361223,0.01,1263.2703247070312
123.0,-0.06425141755136407,0.0025342395592545443,0.01,1273.7520515918732
124.0,-0.06368622152709537,0.0023999313661358366,0.01,1284.3088397979736
125.0,-0.22156453288306624,0.0031779400830267753,0.01,1295.2679388523102
126.0,-0.12642584450736588,0.002848536094839657,0.01,1305.8332469463348
127.0,-0.06696517974709014,0.002773815538909397,0.01,1316.367504119873
128.0,-0.06547382260138437,0.0031935118811924268,0.01,1326.9518783092499
129.0,-0.06452873618215434,0.0034867259034066286,0.01,1337.6755244731903
130.0,-0.1275856927759511,0.003209504123666499,0.01,1348.257776260376
131.0,-0.1247393351325569,0.0027139854137924048,0.01,1358.7205955982208
132.0,-0.06064591126543897,0.0025051406435991205,0.01,1369.4109139442444
133.0,-0.2386249670403984,0.0035460193757899106,0.01,1379.945166349411
134.0,-0.19724729475059985,0.003457757606318608,0.01,1390.5262215137482
135.0,-0.0007452180885222094,0.002353050023326558,0.01,1401.5348286628723
136.0,-0.13062813436763998,0.0027140759803022784,0.01,1412.1462144851685
137.0,-0.13198810599509325,0.0024470252741017554,0.01,1422.6325783729553
138.0,-0.12197211786667927,0.0023945365441123963,0.01,1433.5875389575958
139.0,-0.06114351711871437,0.002516944404278817,0.01,1444.2124552726746
140.0,-0.13979167150970237,0.002579207458339705,0.01,1454.7819321155548
141.0,-0.00020903703923849483,0.003267322128666288,0.01,1465.684391260147
142.0,-0.2544037052866764,0.003551011951755511,0.01,1476.3370366096497
143.0,-0.19846213975274982,0.002567472927027963,0.01,1486.9109501838684
144.0,-0.13273207713092516,0.0023298591898643587,0.01,1497.5091860294342
145.0,-0.156581106276827,0.0021904511763345415,0.01,1508.2794847488403
146.0,-0.06632005897323795,0.0021723234238757725,0.01,1518.9387719631195
147.0,-0.06402007937438324,0.0022897005097313535,0.01,1529.550589799881
148.0,-0.20064912308272004,0.002622091548521957,0.01,1540.441077709198
149.0,-0.06412470629056925,0.003333498546876714,0.01,1551.1171720027924
150.0,-0.0003341740462430661,0.002111857916899302,0.01,1561.687325000763
151.0,-0.0019162231710537101,0.0025453744692460513,0.01,1572.6427145004272
152.0,-0.0013154198070241892,0.002208171581496752,0.01,1583.343796491623
153.0,-0.00021570087905002115,0.0026690347848049743,0.01,1593.8822181224823
154.0,-0.13007258939609553,0.0022258762391814315,0.01,1604.7777831554413
155.0,-0.06641760604178064,0.0020298049574842365,0.01,1615.480148077011
156.0,-0.18598611675813262,0.0022588824138096027,0.01,1626.164715051651
157.0,-0.0002463427850369142,0.002638759809006743,0.01,1637.0718612670898
158.0,-0.13879635457153466,0.0028807566654499585,0.01,1647.738211631775
159.0,-0.12432932870113787,0.002785727242238377,0.01,1658.3598680496216
160.0,-0.06382867660347061,0.002834714536490564,0.01,1669.2297794818878
161.0,-0.06376617900100809,0.00255922323535427,0.01,1679.8234705924988
162.0,-0.06186795354339745,0.003415484703491709,0.01,1690.5437026023865
163.0,-0.062189944647056836,0.0027846564304793604,0.01,1701.1515991687775
164.0,-0.20272841281472004,0.002373634536444016,0.01,1711.9310536384583
165.0,-0.06463166881914736,0.0021499548148303893,0.01,1722.5375175476074
166.0,-0.12778362231457138,0.0021765061137197297,0.01,1733.2032313346863
167.0,-0.06383148735715109,0.0023829896241601665,0.01,1743.9999854564667
168.0,-0.18872213270198562,0.003135801937850653,0.01,1754.7113761901855
169.0,-0.1282841046160971,0.0031706927186293103,0.01,1765.3745050430298
170.0,-0.0005952703496700084,0.003127373491026609,0.01,1776.3400168418884
171.0,-0.06430220622541928,0.0024205858295894053,0.01,1787.0187499523163
172.0,-0.06449645096670172,0.0026678205323682194,0.01,1797.5339004993439
173.0,-0.12488861252493473,0.0028515091047179655,0.01,1808.5229668617249
174.0,-0.12602053985948897,0.0028244251290815746,0.01,1819.1579027175903
175.0,-0.06642824874328099,0.002745599172995564,0.01,1829.8036131858826
176.0,-0.06464421546427594,0.0028444834504193525,0.01,1840.6865046024323
177.0,-0.1405387882624389,0.003037038132419238,0.01,1851.3273448944092
178.0,-0.13528583338361438,0.002084139042354124,0.01,1861.944274187088
179.0,-0.06196760799909759,0.0023881037486717105,0.01,1872.4960064888
180.0,-0.13038112191173354,0.003238037018229871,0.01,1883.310935974121
181.0,-0.0003824600881458968,0.002379022099511089,0.01,1893.973432302475
182.0,-0.06099748042933088,0.002491105077580761,0.01,1904.6607823371887
183.0,-0.06294942066266501,0.002407387069583234,0.01,1915.611156463623
184.0,-0.06288476903587517,0.002551336761789931,0.01,1926.2069160938263
185.0,-0.0002217557958520925,0.0019859745308968913,0.01,1936.846126794815
186.0,-0.062116461309214215,0.00266569698319337,0.01,1947.7949721813202
187.0,-0.12999089745995077,0.0029695645023118888,0.01,1958.5378081798553
188.0,-0.12933644859227364,0.002265044490894358,0.01,1969.2376825809479
189.0,-0.2553231700409057,0.002130945927191452,0.01,1980.214966058731
190.0,-0.06377324250523415,0.003222449555863986,0.01,1990.8967196941376
191.0,-0.06358531463248364,0.0021890538524476683,0.01,2001.6326169967651
192.0,-0.14664490182661863,0.003682156077281821,0.01,2012.7060635089874
193.0,-0.06364709711772662,0.0024267309051385095,0.01,2023.3769779205322
194.0,-0.12868264857191308,0.0027336172888050834,0.01,2034.0607933998108
195.0,-0.1248613785169762,0.0027884956942594583,0.01,2044.959626197815
196.0,-0.268930083197014,0.0025041498910027124,0.01,2055.608498811722
197.0,-0.0007072532904274905,0.002537626791272847,0.01,2066.263607263565
198.0,-0.06401983701768009,0.0023471179284561094,0.01,2076.8936896324158
199.0,-0.20303334775756746,0.0031654936950746,0.01,2087.759624481201
200.0,-0.1244447462866916,0.0030549876927859197,0.01,2098.4385828971863
201.0,-0.19617396369149115,0.0025865980735196186,0.01,2109.079481124878
202.0,-0.06435313251546113,0.002694422125558157,0.01,2119.9873983860016
203.0,-0.14023056593556607,0.0023270746748341193,0.01,2130.676117181778
204.0,-0.06204653946712128,0.00225737650756549,0.01,2141.364878177643
205.0,-0.12926267305615352,0.00286616187221094,0.01,2152.3087804317474
206.0,-0.22344660487303022,0.0024978726172109715,0.01,2162.920574426651
207.0,-0.19543232346888892,0.0023871994834384043,0.01,2173.661411523819
208.0,-0.06384152864547728,0.0022134672234291304,0.01,2184.629461288452
209.0,-0.06204866660024894,0.002240775293661374,0.01,2195.380515098572
210.0,-0.21614900300532386,0.0024684496756440196,0.01,2206.0162348747253
211.0,-0.12370983914961217,0.002400790815504434,0.01,2216.9746358394623
212.0,-0.06772890622720412,0.0020816983219402114,0.01,2227.6050651073456
213.0,-0.0631407738806281,0.002379478961932427,0.01,2238.3708951473236
214.0,-0.0634552165932794,0.002456951393379304,0.01,2249.012703895569
215.0,-0.1316152290556463,0.0021326415601536854,0.01,2259.909737586975
216.0,-0.06363453818638957,0.002962753546106085,0.01,2270.598466396332
217.0,-0.00029158066165560736,0.0023212813974547173,0.01,2281.290718317032
218.0,-0.13138319423607547,0.0023890038278520957,0.01,2292.2272651195526
219.0,-0.12691868374952872,0.0020476700605520297,0.01,2302.9966864585876
220.0,-0.0642749700103792,0.0020111268089443336,0.01,2313.7335255146027
221.0,-0.0673098561526029,0.0020805693745594655,0.01,2324.702404975891
222.0,-0.1264872644435379,0.0018880971370836591,0.01,2335.4642667770386
223.0,-0.19040655556216107,0.0021027861518029232,0.01,2346.1814761161804
224.0,-0.06466765223648217,0.0019109919122627724,0.01,2357.1172380447388
225.0,-0.12591421945554523,0.0021313303651629327,0.01,2367.8504316806793
226.0,-0.12516235962553546,0.0015835929128899249,0.01,2378.5836877822876
227.0,-0.0630035405783969,0.0022935423127486195,0.01,2389.412448167801
228.0,-0.06423273819983069,0.0024663107288139183,0.01,2400.203029870987
229.0,-0.06443578834020135,0.0026812469189073707,0.01,2410.911027908325
230.0,-0.1939474419266567,0.0023824087013306077,0.01,2421.6266338825226
231.0,-0.06286445416419925,0.0023297797222875316,0.01,2432.541672229767
232.0,-0.1298712277919756,0.0028031084168988214,0.01,2443.2502937316895
233.0,-0.06272275384025915,0.002505214588652079,0.01,2453.9408614635468
234.0,-0.06452601848956147,0.0019086617204167023,0.01,2464.9190611839294
235.0,-0.06389224084913817,0.00226531673965072,0.01,2475.638821363449
236.0,-0.06451434102890588,0.002004910798139391,0.01,2486.218688249588
237.0,-0.0633399965147031,0.001893185308182354,0.01,2497.216267824173
238.0,-0.00024025489087697939,0.001869748128661056,0.01,2507.9161002635956
239.0,-0.06539799476429133,0.0019634945181516545,0.01,2518.5943036079407
240.0,-0.12374219251220236,0.0017801403289310412,0.01,2529.6838297843933
241.0,-0.15683863466098574,0.0015766760155715342,0.01,2540.425900697708
242.0,-0.0003311642788457195,0.002377516270204825,0.01,2551.129186630249
243.0,-0.19063768537218095,0.002034273121614323,0.01,2562.119496822357
244.0,-0.1962033230951302,0.002638279950236994,0.01,2572.9394521713257
245.0,-0.12167895323147031,0.0020445431282946672,0.01,2583.7113909721375
246.0,-0.2215909559949809,0.002013679850549151,0.01,2595.05330824852
247.0,-0.060280421437910466,0.0015306119898698377,0.01,2605.8518657684326
248.0,-0.06398151407603193,0.0025528532745072267,0.01,2616.5838992595673
249.0,-0.13309347442883912,0.0022166993660335936,0.01,2627.315906047821
250.0,-0.06293031465333339,0.0020526572621063248,0.01,2638.305736541748
251.0,-0.06698364697226061,0.001795035244615767,0.01,2649.032627105713
252.0,-0.06533262122794961,0.001883511300980215,0.01,2659.6912281513214
253.0,-0.14263709184348974,0.0015328368901086067,0.01,2670.605312347412
254.0,-0.06521513889865194,0.002025826098766215,0.01,2681.408187150955
255.0,-0.0005822203126563403,0.0021056636956423556,0.01,2692.1096696853638
256.0,-0.06772810597129408,0.0015050977777394622,0.01,2703.167683362961
257.0,-0.061137374927439356,0.001844817175446908,0.01,2713.888527870178
258.0,-0.13886662605794348,0.0018692376180828576,0.01,2724.6610453128815
259.0,-0.12676988161740477,0.0019295250534167568,0.01,2735.6814320087433
260.0,-0.12771821034041425,0.0017320540408594625,0.01,2746.380326986313
261.0,-0.06050391290388995,0.0019724508050119154,0.01,2757.0155193805695
262.0,-0.06212545998232978,0.0022735378600076063,0.01,2767.835287094116
263.0,-0.1946161823462853,0.001981706594492742,0.01,2778.488910675049
264.0,-0.0005613403087466317,0.002122481962456137,0.01,2789.2546639442444
265.0,-0.30896179796213086,0.002242331633385787,0.01,2799.9140253067017
266.0,-0.06446442967841991,0.0021615542395335466,0.01,2810.891447544098
267.0,-0.12701449107010468,0.0020389458268885454,0.01,2821.61204457283
268.0,-0.1287438556719294,0.0018317571559939348,0.01,2832.2544944286346
269.0,-0.14032857471853444,0.0013644191350598847,0.01,2843.2923877239227
270.0,-0.061197604764348344,0.0018436739279999222,0.01,2854.0057208538055
271.0,-0.06500432779121025,0.0018365461374102805,0.01,2864.766479253769
272.0,-0.1286489132800614,0.0014606508997494889,0.01,2875.861496448517
273.0,-0.0625170167554611,0.0016693449383232706,0.01,2886.7219257354736
274.0,-0.00023388941276145927,0.001612035187058114,0.01,2897.487436056137
275.0,-0.12764750459537158,0.0020396360988604216,0.01,2908.565963745117
276.0,-0.06365063134755163,0.0022746563334672685,0.01,2919.392524957657
277.0,-0.1236860435486981,0.0026114657717194443,0.01,2930.175760269165
278.0,-0.13168267611930104,0.001395825574135334,0.01,2941.01917552948
279.0,-0.1350569044565374,0.0016788844283414303,0.01,2951.7877650260925
280.0,-0.06185255541844165,0.0019809226554445,0.01,2962.466399908066
281.0,-0.06391349257972416,0.0024470674354666014,0.01,2973.0761806964874
282.0,-0.06391386250487213,0.0018520159047502693,0.01,2984.0975408554077
283.0,-0.06212457961621972,0.001787588203448046,0.01,2994.8086013793945
284.0,-0.18404198261493931,0.0014880035864419793,0.01,3005.416085243225
285.0,-0.06108710805366398,0.0023698876969202765,0.01,3016.515110731125
286.0,-0.06286260550481895,0.0017736531070221475,0.01,3027.285617828369
287.0,-0.1253961256577914,0.002170115266984218,0.01,3038.0713877677917
288.0,-0.060543540821056716,0.0025215597352414108,0.01,3049.1680312156677
289.0,-0.06468914828564631,0.0017257346497908566,0.01,3060.0013694763184
290.0,-0.20068421376424653,0.002183760852624413,0.01,3070.6466336250305
291.0,-0.06238916018530281,0.001586694986153726,0.01,3081.654013156891
292.0,-0.00035958712628661097,0.0016214507392787439,0.01,3092.3582470417023
293.0,-0.2045004829848725,0.002295534378021384,0.01,3103.018687725067
294.0,-0.12457806242503831,0.0018681028473426099,0.01,3113.7380340099335
295.0,-0.13061148353836174,0.0019162116894420088,0.01,3124.5568606853485
296.0,-0.06503832016060025,0.002468643053596157,0.01,3135.324177503586
297.0,-0.06484598346430807,0.0019675458612561335,0.01,3145.993567466736
298.0,-0.12540434382509388,0.0017897635211333595,0.01,3157.010286092758
299.0,-0.06120533152498143,0.0020688127666956165,0.01,3167.7420761585236
300.0,-0.06483399512218688,0.00198841293337801,0.01,3178.428725719452
301.0,-0.0665177248923572,0.0018068836502832277,0.01,3189.6016743183136
302.0,-0.175165588837862,0.002740330245497978,0.01,3200.3801743984222
303.0,-0.128677339163232,0.0019517435950439164,0.01,3211.111474275589
304.0,-0.2707731292835671,0.001628139901717221,0.01,3222.197213411331
305.0,-0.06258024844129668,0.0019319493566768815,0.01,3232.986652135849
306.0,-0.06238220107588433,0.0021811006495632266,0.01,3243.781709432602
307.0,-0.1342315555747812,0.0024382943811360747,0.01,3254.741265773773
308.0,-0.06473775580632911,0.001937945903276582,0.01,3265.523118495941
309.0,-0.1322227360282367,0.00211514511156025,0.01,3276.259736061096
310.0,-0.19451184274272673,0.002108454673740054,0.01,3286.979932785034
311.0,-0.0001505095780177833,0.002181269599604282,0.01,3297.9054749011993
312.0,-0.18941590747108472,0.0019699674849467594,0.01,3308.586238861084
313.0,-0.0638466223292293,0.0023430724574096205,0.01,3319.370080471039
314.0,-0.1268344805691913,0.0023502432842079624,0.01,3330.515158176422
315.0,-0.23974377241428138,0.0028115675930454774,0.01,3341.282351732254
316.0,-0.1321327988766986,0.0021321689220154564,0.01,3352.0421690940857
317.0,-0.0668270771835601,0.0015916508656470014,0.01,3363.1291167736053
318.0,-0.21360941769386266,0.0024679030394319924,0.01,3373.932577610016
319.0,-0.0624732864050552,0.001904037843589754,0.01,3384.6877484321594
320.0,-0.00027088699693257037,0.0024950513183969155,0.01,3395.7936317920685
321.0,-0.0639450639306849,0.002277494003906348,0.01,3406.5441534519196
322.0,-0.23400989926300464,0.002654284523514164,0.01,3417.1055777072906
323.0,-0.12822991646302093,0.0024158964613636975,0.01,3427.9354689121246
324.0,-0.061252862466457836,0.0023010198991067965,0.01,3438.6100397109985
325.0,-0.0001301470833963883,0.0019370285217249121,0.01,3449.3744220733643
326.0,-0.06280301276331261,0.002149317210417997,0.01,3460.093512058258
327.0,-0.22551459075877586,0.0021143458229789308,0.01,3471.131148338318
328.0,-0.06474525997541249,0.0023093843944416853,0.01,3481.9304895401
329.0,-0.0614589518968163,0.0023313250676797945,0.01,3492.765559196472
330.0,-0.12397250337731568,0.002364576694793022,0.01,3503.887936592102
331.0,-0.06155804628985973,0.002597635587110267,0.01,3514.6790599823
332.0,-0.06568817784293032,0.0023008873230906776,0.01,3525.4851784706116
333.0,-0.06305296457543579,0.002029838283675363,0.01,3536.592494249344
334.0,-0.00018757626288672477,0.0019842326456086137,0.01,3547.439063310623
335.0,-0.00014481642461634472,0.0017774905989264682,0.01,3558.078407764435
336.0,-0.06219703132401701,0.0023892527676099857,0.01,3569.09312582016
337.0,-0.2010185150033085,0.002191284817521285,0.01,3579.9461402893066
338.0,-0.0698878548998958,0.001925003952300637,0.01,3590.768302679062
339.0,-0.12921237044995207,0.002204012549609075,0.01,3601.718647956848
340.0,-0.0629477300997545,0.0023799409797659495,0.01,3612.5081906318665
341.0,-0.0003069855183307041,0.002403954344820047,0.01,3623.2601454257965
342.0,-0.06357612217999457,0.0022769278130899784,0.01,3634.032055616379
343.0,-0.06092489921954988,0.002291296881342325,0.01,3645.116452932358
344.0,-0.13011459349363436,0.0024044389374286747,0.01,3655.8941576480865
345.0,-0.0007885203315410646,0.002736331316086897,0.01,3666.6108405590057
346.0,-0.00045099975341059687,0.0022654032382519343,0.01,3677.7177991867065
347.0,-0.06535602549034616,0.002223049176944475,0.01,3688.493752479553
348.0,-0.18460513252364233,0.0022938334873513237,0.01,3699.2480659484863
349.0,-0.1547801025002109,0.002009265089930856,0.01,3710.2189400196075
350.0,-0.307482945010813,0.002543892697569462,0.01,3721.0611312389374
351.0,-0.06487002746980365,0.0019682769048129127,0.01,3731.810492515564
352.0,-0.0637694834066839,0.00284451155002358,0.01,3742.9040920734406
353.0,-0.12835798338794552,0.0021425101371242267,0.01,3753.715331554413
354.0,-0.20363838782607646,0.0018043002378227797,0.01,3764.5347983837128
355.0,-0.0616262765504199,0.002626042348265851,0.01,3775.311203956604
356.0,-0.06354098340571332,0.001964589001410318,0.01,3786.320498228073
357.0,-0.06874101819673503,0.0019576370918957314,0.01,3797.222375392914
358.0,-0.1305008519318359,0.0020225224863751655,0.01,3808.0180530548096
359.0,-0.06245751232363688,0.0024195029613525046,0.01,3819.102579832077
360.0,-0.0635486705129217,0.0023158975395069707,0.01,3829.9082362651825
361.0,-0.1262533188733615,0.0024560416214707502,0.01,3840.618292093277
362.0,-0.00016080349777799875,0.0021203600949640062,0.01,3851.7293078899384
363.0,-0.19461025449120858,0.0020843313714157385,0.01,3862.4384529590607
364.0,-0.19715671678686394,0.00264746049392535,0.01,3873.1727137565613
365.0,-0.06315486550754107,0.0022014617925108695,0.01,3884.267594575882
366.0,-0.06474452973160931,0.002748472756985114,0.01,3895.1530570983887
367.0,-0.06247841288645893,0.0019973480013846926,0.01,3905.9484729766846
368.0,-0.18892339722524393,0.0021868559158992685,0.01,3917.079626560211
369.0,-0.13247344243229722,0.0018869689391985867,0.01,3927.849317073822
370.0,-0.12985018949258403,0.002680028294268442,0.01,3938.6668894290924
371.0,-0.060576434276424486,0.0020108054481944677,0.01,3949.6712324619293
372.0,-0.19321098850522117,0.0021980413959573697,0.01,3960.423798561096
373.0,-0.13001835936504696,0.0029451989595856666,0.01,3971.17870426178
374.0,-0.13351302809313204,0.0017038182710472605,0.01,3981.921161174774
375.0,-0.1578427107761172,0.0022589098276007955,0.01,3992.9221227169037
376.0,-0.1287956010566925,0.002356193252576349,0.01,4003.6732342243195
377.0,-0.06382150861724914,0.002044991494702765,0.01,4014.396719932556
378.0,-0.13962385194547988,0.002351584742571882,0.01,4025.502254486084
379.0,-0.060567051586296106,0.0021390299797449997,0.01,4036.3027517795563
380.0,-0.06140034257685594,0.002824735894020057,0.01,4047.043373823166
381.0,-0.0003284510934574739,0.002253495558167319,0.01,4058.2006828784943
382.0,-0.0676585042547404,0.00206907897626308,0.01,4069.079264640808
383.0,-0.12843608022466324,0.002619124608089004,0.01,4079.8895637989044
384.0,-0.06127657747927108,0.002326171912914511,0.01,4091.036557674408
385.0,-0.06632968875233858,0.0018287685562598307,0.01,4101.8868136405945
386.0,-0.06587295936764992,0.0029353780365355387,0.01,4112.705080270767
387.0,-0.06570269347100849,0.0022034541799428663,0.01,4123.396144628525
388.0,-0.06597007549792974,0.0020208493838118997,0.01,4134.45960354805
389.0,-0.20494520730708443,0.001960912981015252,0.01,4145.176704883575
390.0,-0.00024882329251186647,0.002541549634626412,0.01,4155.940599679947
391.0,-0.19413386992574697,0.0017197455915202856,0.01,4166.87951374054
392.0,-0.0010542209273420638,0.0031944357848836865,0.01,4177.689137458801
393.0,-0.06070368277413965,0.0020457401057350274,0.01,4188.45046210289
394.0,-0.06347753548752448,0.0017347800131025032,0.01,4199.6217312812805
395.0,-0.06222467636854825,0.0021306805097668587,0.01,4210.5092878341675
396.0,-0.06342048117058927,0.0016627253092581055,0.01,4221.348185539246
397.0,-0.06274494647223189,0.0019604469457004995,0.01,4232.390520095825
398.0,-0.1398292928680375,0.002009988433075147,0.01,4243.2193775177
399.0,-0.06230065102431706,0.0018132546591563242,0.01,4254.024038076401
400.0,-0.18712350430861818,0.0018225022655621282,0.01,4265.099364995956
401.0,-0.06315915431908545,0.002583477795377632,0.01,4275.9421417713165
402.0,-0.0008591559676972852,0.0032897186018918446,0.01,4286.754864215851
403.0,-0.06552772470642067,0.0020215192150974666,0.01,4297.339005947113
404.0,-0.06269952363818548,0.0016265747000205118,0.01,4308.341117143631
405.0,-0.06362530560219287,0.0018324277514711687,0.01,4319.134821653366
406.0,-0.00011024979933910665,0.0022838531032614963,0.01,4329.938365459442
407.0,-0.1322060306011499,0.002362401558646453,0.01,4340.891239643097
408.0,-0.06657367951413196,0.001430449552608119,0.01,4351.8296999931335
409.0,-0.06360535547665518,0.0022771432065049942,0.01,4362.61384510994
410.0,-0.0625448813069773,0.0016398165968020844,0.01,4373.738095998764
411.0,-0.06022558547256439,0.0016327133511151602,0.01,4384.5191469192505
412.0,-0.0012055953759386067,0.0019453983197200784,0.01,4395.311983585358
413.0,-0.0656368297977785,0.0018164627475889933,0.01,4406.437124490738
414.0,-0.13174945851688546,0.0018828364995672451,0.01,4417.22879242897
415.0,-0.062221293762745905,0.0017442188449296179,0.01,4428.014051198959
416.0,-0.06531892904188781,0.002127186033303047,0.01,4439.098765611649
417.0,-0.06509063648802808,0.0015178834392728358,0.01,4449.899501800537
418.0,-0.21482805685773976,0.001831717190671583,0.01,4460.63690328598
419.0,-0.15797655017003423,0.002142777673941622,0.01,4471.550213098526
420.0,-0.0009416086801862265,0.0022976252784615956,0.01,4482.479042768478
421.0,-0.06450367030697197,0.002176402620210469,0.01,4493.321442127228
422.0,-0.06277746505247177,0.0022186947419391115,0.01,4504.103500843048
423.0,-0.12423371554888626,0.0017683627686145172,0.01,4515.14775967598
424.0,-0.1492695678166053,0.0022581807593584505,0.01,4525.95716547966
425.0,-0.0005492335835612371,0.0026440062040882645,0.01,4536.749242782593
426.0,-0.1993265631454285,0.002106665491845717,0.01,4547.865629911423
427.0,-0.06424299120789093,0.0017075034899816913,0.01,4558.705845355988
428.0,-6.179358948448924e-05,0.002270331716632913,0.01,4569.511593341827
429.0,-0.06524923000974839,0.0023604473413203356,0.01,4580.610411167145
430.0,-0.05986277099222521,0.0017916737475875064,0.01,4591.473416805267
431.0,-0.06293770204717064,0.0022028404498924637,0.01,4602.239930868149
432.0,-0.1262118949203564,0.002189459576269169,0.01,4613.368337154388
433.0,-0.06346603574677456,0.002673830594959678,0.01,4624.241925239563
434.0,-0.06062615031004156,0.0023764811244696414,0.01,4635.045166015625
435.0,-0.0010029860718007997,0.0019489577634255449,0.01,4645.99479675293
436.0,-0.0006485634619819795,0.002828010716383336,0.01,4656.844545125961
437.0,-0.16910723287820498,0.0021188585591931266,0.01,4667.614158630371
438.0,-0.06415861946975597,0.0023509543634015182,0.01,4678.364805459976
439.0,-0.06287260798100816,0.00241331337913087,0.01,4689.488425731659
440.0,-0.06598974834019795,0.002934665425212611,0.01,4700.269969701767
441.0,-0.19443344687537006,0.002748474376425977,0.01,4710.897734165192
442.0,-0.13860957361394707,0.0021556116912011427,0.01,4722.040948867798
443.0,-0.12887672149618126,0.0019045656202314883,0.01,4732.903719902039
444.0,-0.0605173729921309,0.002670356724584143,0.01,4743.664415836334
445.0,-0.06316041835542563,0.0022900000097585086,0.01,4754.782272815704
446.0,-0.06515457825776562,0.002679000483563004,0.01,4765.613104581833
447.0,-0.06513482913995779,0.002761348127041676,0.01,4776.293451786041
448.0,-0.21911375833105984,0.002186512144335481,0.01,4787.315188884735
449.0,-0.06342521888155493,0.002622454224896645,0.01,4798.138904094696
450.0,-0.06492226016365228,0.0017593729094772755,0.01,4808.927323102951
451.0,-0.13038486363048973,0.0024271620357395286,0.01,4819.667144060135
452.0,-0.0627027213206218,0.0021971207121294915,0.01,4830.686505794525
453.0,-0.06292200580765163,0.0026489104386903163,0.01,4841.563685178757
454.0,-0.06005705992181827,0.0028054009630842742,0.01,4852.312170743942
455.0,-0.12798187101759328,0.002503899787956074,0.01,4863.362112522125
456.0,-0.12257759945204695,0.003315399948387674,0.01,4874.175662755966
457.0,-0.06022203024578578,0.0024673507406519227,0.01,4885.02663564682
458.0,-0.06413879533382347,0.0023926316649828215,0.01,4896.072281837463
459.0,-0.1294842938277169,0.0019930520369832653,0.01,4906.953825473785
460.0,-0.00018199179589397328,0.0025393572401965388,0.01,4917.833139419556
461.0,-0.06455689829070796,0.0023441261296059087,0.01,4928.981649160385
462.0,-0.06352119956159369,0.0023205641309597003,0.01,4939.804594039917
463.0,-0.12647756863820156,0.002023739267387289,0.01,4950.6169419288635
464.0,-0.00018995058932179138,0.002612806645701501,0.01,4961.799657344818
465.0,-0.06610718636338248,0.0023914436499373804,0.01,4972.67050075531
466.0,-0.00036365770366952486,0.0023773697620986197,0.01,4983.4430384635925
467.0,-0.000998329003118251,0.0023224157500795393,0.01,4994.397743463516
468.0,-0.062392078958934796,0.0021528772941195764,0.01,5005.260120868683
469.0,-0.00021259093454718546,0.0022957659206044225,0.01,5016.079138755798
470.0,-0.06347670897716869,0.001977128880951406,0.01,5026.69988155365
471.0,-0.1316939056130357,0.0018327902529347172,0.01,5037.762341976166
472.0,-0.06165498150350041,0.0018378720289709434,0.01,5048.599466562271
473.0,-0.06059155266126266,0.0019975232120630986,0.01,5059.32418513298
474.0,-0.13711277931570862,0.0019610128255957496,0.01,5070.385961055756
475.0,-0.06530307620743857,0.00265460493305864,0.01,5081.268760681152
476.0,-0.0003195876326757924,0.00226639301342069,0.01,5092.039209604263
477.0,-0.06461659408907461,0.0019211413017197485,0.01,5103.242877244949
478.0,-0.06080432707836823,0.0019104118256640648,0.01,5114.021680593491
479.0,-0.06391165334457785,0.0017060119333667772,0.01,5124.881897449493
480.0,-0.1285705526136809,0.0024353107178150353,0.01,5135.944622993469
481.0,-0.13379502153075443,0.002629163812749125,0.01,5146.755637645721
482.0,-0.06282866206980722,0.0020415015765903794,0.01,5157.509843349457
483.0,-0.12552690868616087,0.0025839508666154368,0.01,5168.276883363724
484.0,-0.06390332084051373,0.0023134961305877728,0.01,5179.290063619614
485.0,-0.0002065692288959284,0.0024252989903405897,0.01,5190.051216840744
486.0,-0.06386149442946572,0.001973611962264588,0.01,5200.853053331375
487.0,-0.06193774859162371,0.002151744891451395,0.01,5211.971092939377
488.0,-0.06962828903310858,0.0021113567137837153,0.01,5222.849091291428
489.0,-0.13691183436575585,0.002431701134693219,0.01,5233.677197217941
490.0,-0.0648723614389726,0.002049686057241818,0.01,5244.871212482452
491.0,-0.2537989581297706,0.002132952083328665,0.01,5255.780849695206
492.0,-0.00012390549443899065,0.002137183227880609,0.01,5266.562233686447
493.0,-0.0002125019742232013,0.002059369180570495,0.01,5277.741544961929
494.0,-0.12481930522963325,0.00204452442721058,0.01,5288.707587718964
495.0,-0.062226638795137464,0.0018728493296744136,0.01,5299.571600198746
496.0,-0.12658478653228564,0.0017814265614799639,0.01,5310.6179847717285
497.0,-0.06369819271189757,0.0018924225146518005,0.01,5321.4845333099365
498.0,-0.06461805418406831,0.002194771124741597,0.01,5332.296293735504
499.0,-0.07167708078901443,0.0020133242556262796,0.01,5343.303142309189
500.0,-0.06684344458308791,0.002176255387678226,0.01,5354.155064821243
501.0,-0.0636764949261136,0.0025377086148191575,0.01,5365.058606386185
502.0,-0.19534550430769876,0.0022619936438300417,0.01,5375.854120731354
503.0,-0.12832130046743725,0.0027993102557957172,0.01,5386.906777620316
504.0,-0.06384308387925498,0.002337356354455731,0.01,5397.71862244606
505.0,-0.06347093229748606,0.001939743041178433,0.01,5408.524991035461
506.0,-0.05973058063375303,0.002301254210587923,0.01,5419.646160125732
507.0,-0.060838764287878086,0.0030120120373425432,0.01,5430.542904615402
508.0,-0.0017079213967987352,0.0022670826430911993,0.01,5441.304760217667
509.0,-0.0002089576321684081,0.002216203729818013,0.01,5452.447145223618
510.0,-0.0650322887823384,0.0028296595895755112,0.01,5463.311963558197
511.0,-0.0635237908729343,0.0024078412922007024,0.01,5474.069718360901
512.0,-0.1289303258651134,0.002060380328612605,0.01,5485.274693012238
513.0,-0.12849434834383253,0.002091631061474719,0.01,5496.2045912742615
514.0,-0.06452907849543425,0.002564252342966542,0.01,5507.044785261154
515.0,-0.06298688090613275,0.0017867757302552168,0.01,5518.155090332031
516.0,-0.0645095564720103,0.0022059317947927828,0.01,5529.0660145282745
517.0,-0.06923447067727234,0.0026813076764672515,0.01,5539.948039293289
518.0,-0.06061501266298421,0.0019789943212209877,0.01,5550.774638175964
519.0,-0.13830746401627053,0.00191127209656752,0.01,5561.566691875458
520.0,-0.00021541616350077557,0.0018940917472700855,0.01,5572.441722154617
521.0,-0.13216482176834615,0.001842781372447867,0.01,5583.213609218597
522.0,-0.0005117482501427371,0.0023563645280422736,0.01,5594.3219039440155
523.0,-0.00017800876933039822,0.001965924125224684,0.01,5605.131627559662
524.0,-0.061760130364659556,0.0018662317534378443,0.01,5615.867925405502
525.0,-0.06120121451616346,0.0021736395169547435,0.01,5627.035365581512
526.0,-0.06271768072687663,0.0029360889007641684,0.01,5637.907392501831
527.0,-0.06588827630355927,0.0016305606635310457,0.01,5648.753775835037
528.0,-0.15847325905900317,0.0023416254515552172,0.01,5659.948192358017
529.0,-0.06007144735379954,0.0017704809111045066,0.01,5670.867969989777
530.0,-0.12172189548820088,0.0020112862593222335,0.01,5681.720355272293
531.0,-0.062126930289589204,0.0021156875026472244,0.01,5692.825523138046
532.0,-0.06373567992667874,0.0021111877470295693,0.01,5703.707377910614
533.0,-0.06258906473513681,0.0022062787568279643,0.01,5714.49308848381
534.0,-0.12134515281262302,0.00203650552444598,0.01,5725.56760597229
535.0,-0.0626928660677639,0.0017255357807239352,0.01,5736.486716032028
536.0,-0.12891877954202263,0.0020536013518974165,0.01,5747.305719137192
537.0,-0.1716747076327203,0.001828727992147779,0.01,5758.086117506027
538.0,-0.06425316258945504,0.0017744018353342014,0.01,5769.0914041996
539.0,-0.061665298332504684,0.0017761589047535886,0.01,5779.831341266632
540.0,-0.15203091179049075,0.0022032333948271404,0.01,5790.551791906357
541.0,-0.13869040480413494,0.0019404647490332402,0.01,5801.665688037872
542.0,-0.06461361588951096,0.0016627188755826343,0.01,5812.51061630249
543.0,-0.21652462510690637,0.0020381694398520717,0.01,5823.321282625198
544.0,-0.06310186975763707,0.00173977193408784,0.01,5834.434200048447
545.0,-0.0005430295810246255,0.0019365999513965026,0.01,5845.331406831741
546.0,-0.13638047682200233,0.002290886470363337,0.01,5856.127277851105
547.0,-0.06500902687270484,0.0017391792622436354,0.01,5867.396821498871
548.0,-0.12642391648850249,0.0016108577953430243,0.01,5878.252647638321
549.0,-0.1965672475403279,0.0026241833128560666,0.01,5889.144437551498
550.0,-0.14085398096222493,0.001956907003002223,0.01,5900.219874620438
551.0,-0.13369798541112826,0.0016184396702349,0.01,5911.046504497528
552.0,-0.06305489611092753,0.002107801401669547,0.01,5921.873984336853
553.0,-0.06280758529118076,0.001981009718544763,0.01,5932.606583595276
554.0,-0.0653752547749297,0.0016710201435662475,0.01,5943.7099006175995
555.0,-0.0004598343876566638,0.0020944028661994372,0.01,5954.579746961594
556.0,-0.06667831773635198,0.0017711947027174294,0.01,5965.3625955581665
557.0,-0.06499245486488142,0.0018232125347470956,0.01,5976.450350999832
558.0,-0.1357591871179096,0.0018494916572074156,0.01,5987.282441854477
559.0,-0.060220950351241115,0.0019122227893261664,0.01,5998.073547840118
560.0,-0.13816935506810446,0.002019396524629694,0.01,6009.280838727951
561.0,-0.0012226647268477663,0.0020534549456546177,0.01,6020.126886367798
562.0,-0.12648380812270948,0.0021100088563231327,0.01,6030.846657752991
563.0,-0.05972554035847574,0.002418316831572516,0.01,6041.9813232421875
564.0,-0.14386707171272994,0.002294340920127412,0.01,6052.846493244171
565.0,-0.12050400887901419,0.0022171819135938576,0.01,6063.661281585693
566.0,-0.06192520609749321,0.002255806203477435,0.01,6074.524141073227
567.0,-0.06274547793135013,0.0021564129383838046,0.01,6085.454084396362
568.0,-0.0645589170435504,0.0021988669157346325,0.01,6096.240757226944
569.0,-0.0625072221829182,0.002199205424115615,0.01,6107.049840450287
570.0,-0.12498127356860647,0.002514228048258332,0.01,6118.124429941177
571.0,-0.00013776500845416915,0.0023106852067129612,0.01,6128.921130895615
572.0,-0.06372715478223877,0.0019539755686661135,0.01,6139.745093345642
573.0,-0.06122201694113171,0.002332890416048283,0.01,6150.939869642258
574.0,-0.06235246766987329,0.0023991507601965737,0.01,6161.819190740585
575.0,-0.0008396533002148126,0.0019579471554607153,0.01,6172.661226272583
576.0,-0.13219893243990172,0.0019396767291092857,0.01,6183.875106334686
577.0,-0.13404810151741353,0.002333791572934865,0.01,6195.1152102947235
578.0,-0.0010904063503031514,0.0021437973790861997,0.01,6205.987847328186
579.0,-0.00021590693913859808,0.0026423295250676553,0.01,6217.180720806122
580.0,-0.13375792903078612,0.0023638994584556225,0.01,6228.095572948456
581.0,-0.06377506948795732,0.0022762057856693494,0.01,6238.900199651718
582.0,-0.06159899068569342,0.0019756433468122994,0.01,6249.831419706345
583.0,-0.12388818494352438,0.0019932171041122868,0.01,6260.732223272324
584.0,-0.0003132710059144138,0.0023873501484937007,0.01,6271.52709031105
585.0,-0.135278001776813,0.0020501213617931755,0.01,6282.358848571777
586.0,-0.0629594734758765,0.0024750902217185807,0.01,6293.378103494644
587.0,-0.13845903765603365,0.0022391307768227513,0.01,6304.179087638855
588.0,-0.13547792270956294,0.0021532747409269584,0.01,6314.942825078964
589.0,-0.05975392476190362,0.002354945821484717,0.01,6326.00737953186
590.0,-0.0002620470300348027,0.0025808543127057797,0.01,6336.911180734634
591.0,-0.18875620139380256,0.002237767613340759,0.01,6347.705689668655
592.0,-0.06338726110775827,0.002304961762822113,0.01,6358.830507040024
593.0,-0.13189320549786643,0.0020446637045997795,0.01,6369.640027523041
594.0,-0.06095904881144367,0.0022780694713525583,0.01,6380.386684656143
595.0,-0.06361289328768473,0.0021771348241744286,0.01,6391.6046760082245
596.0,-0.06419379893152025,0.002376613489555029,0.01,6402.472209692001
597.0,-0.13707614747949456,0.0017854630616309104,0.01,6413.26718378067
598.0,-0.06408651681934342,0.001954336082424489,0.01,6424.158208608627
599.0,-0.1203445820419755,0.002075489411317273,0.01,6435.045912265778
600.0,-0.00013386337590246274,0.002092373863699394,0.01,6445.827066898346
601.0,-0.06308952022572539,0.0018523658473346622,0.01,6456.602820634842
602.0,-0.1324666199716202,0.0021274738217759324,0.01,6467.663104772568
603.0,-0.06589741027829202,0.0021352384354409734,0.01,6478.53716301918
604.0,-0.06419591382473215,0.0024033864054685957,0.01,6489.388198137283
605.0,-0.06108827407893719,0.0024363064189270914,0.01,6500.51350569725
606.0,-0.06315779446069253,0.002408580387433032,0.01,6511.351859092712
607.0,-0.06399086851673423,0.00203426645222664,0.01,6522.181226730347
608.0,-0.061481278899948255,0.0020149324596732726,0.01,6533.37159538269
609.0,-0.06550183478245647,0.0018587869451966801,0.01,6544.193012952805
610.0,-0.06312870719166948,0.002017665866792368,0.01,6554.958877325058
611.0,-0.06475829119294295,0.001759231820158513,0.01,6566.221399784088
612.0,-0.06385332489616882,0.002030566783384466,0.01,6577.136453866959
613.0,-0.12452004945452597,0.0018791678931568702,0.01,6587.988199234009
614.0,-0.06057664032232371,0.0019174871287921831,0.01,6599.111601352692
615.0,-0.19439335818117615,0.0022018142620857696,0.01,6610.019548892975
616.0,-0.18462439667113842,0.0018975150292810735,0.01,6620.841851472855
617.0,-0.12469496282762375,0.0019331062339375366,0.01,6631.835609912872
618.0,-0.06191413670098541,0.0018081242609930474,0.01,6642.762256860733
619.0,-0.12716291510132663,0.0017605735593311728,0.01,6653.635397434235
620.0,-0.06017475938486433,0.0017740469149862517,0.01,6664.403708934784
621.0,-0.178613513686643,0.001493751462710339,0.01,6675.437299251556
622.0,-0.060245548028124776,0.0018488828482977715,0.01,6686.2199447155
623.0,-0.1309459676884974,0.001655373125542232,0.01,6696.955211400986
624.0,-0.1293136351983286,0.0014768147291869184,0.01,6708.109639644623
625.0,-0.12505743143047374,0.0014529556377749374,0.01,6719.040223360062
626.0,-0.000272291619415962,0.0021871540519365082,0.01,6729.923057317734
627.0,-0.06127227780823466,0.0014629836916337988,0.01,6741.106060028076
628.0,-0.06401626535632257,0.0015894009116207166,0.01,6751.97941660881
629.0,-0.0011847710264086288,0.001748795659854169,0.01,6762.771469831467
630.0,-0.06400840212825426,0.0017555794698223103,0.01,6773.897149562836
631.0,-0.15739333387492652,0.0017184286829577482,0.01,6784.829307079315
632.0,-0.0627753152447555,0.0024483564810015923,0.01,6795.780586004257
633.0,-0.06384996536400621,0.0017374026612724444,0.01,6806.556346178055
634.0,-0.06116191849305065,0.0017679289204073092,0.01,6817.595996379852
635.0,-0.061053836311458026,0.0025067574057571294,0.01,6828.5202078819275
636.0,-0.06262470845822136,0.002051928188677158,0.01,6839.344917297363
637.0,-0.2644646779995156,0.0014919890969701222,0.01,6850.4042909145355
638.0,-0.12341611278117326,0.001650055770279314,0.01,6861.275321960449
639.0,-0.00023689150248324987,0.0018006634856989182,0.01,6872.03141784668
640.0,-0.1268717654408591,0.0017613244135195555,0.01,6883.232748508453
641.0,-0.1254141480713901,0.0018801174978356771,0.01,6894.148380756378
642.0,-0.06225692351888655,0.001996096358738268,0.01,6904.927513122559
643.0,-0.13228248260333428,0.002056125430004109,0.01,6916.158019065857
644.0,-0.0654289310204083,0.0012659967999725538,0.01,6927.011557102203
645.0,-0.062094929666686664,0.001549670664653514,0.01,6937.823017835617
646.0,-0.18854933960281275,0.0020277938087433947,0.01,6949.00001335144
647.0,-0.19318920738343412,0.002038495367886222,0.01,6959.879010915756
648.0,-0.12521658844669747,0.001318126212918467,0.01,6970.736847400665
649.0,-0.12329346330444331,0.0018585546820777202,0.01,6981.469570875168
650.0,-0.0003047366485961848,0.0019622916784506326,0.01,6992.5823838710785
651.0,-0.1280425912225857,0.0014743436626988547,0.01,7003.385177850723
652.0,-0.16734053603105653,0.0019128688263573158,0.01,7014.172814130783
653.0,-0.0001910311454726788,0.0013927282319729226,0.01,7025.334357261658
654.0,-0.13306106227145237,0.0019689457739431337,0.01,7036.221045255661
655.0,-0.00034076953008597803,0.0014703925615430137,0.01,7047.06290268898
656.0,-0.06401001229250475,0.001409191770207063,0.01,7058.234685182571
657.0,-0.0007133393746514155,0.001474024016769732,0.01,7069.163418054581
658.0,-0.14311460853677146,0.001733409738632629,0.01,7080.004763364792
659.0,-0.06385855931770672,0.0016241994666830073,0.01,7091.219032526016
660.0,-0.1843477397460439,0.001984230058825584,0.01,7102.054353475571
661.0,-0.06222624715710338,0.0015377246525189333,0.01,7112.872837781906
662.0,-0.0003720651451189487,0.002271505511863766,0.01,7123.995330095291
663.0,-0.12310787472339603,0.001459243946528929,0.01,7134.87332201004
664.0,-0.06424388992967181,0.0013857124791720348,0.01,7145.760480642319
665.0,-0.15544103733116804,0.001781889238904258,0.01,7156.533398866653
666.0,-0.1316480280294288,0.001486777871994689,0.01,7167.616038799286
667.0,-0.13720565979140606,0.0023074688563944016,0.01,7178.386741161346
668.0,-0.06259697610344371,0.0015315466080930563,0.01,7189.1542773246765
669.0,-0.06308799344315992,0.0014976739882270225,0.01,7200.257454156876
670.0,-0.00015452485850187613,0.0015339871126775731,0.01,7211.152691364288
671.0,-0.12880198960953326,0.0012389915644613067,0.01,7221.990608930588
672.0,-0.06287272561829717,0.0015923995697538895,0.01,7233.190640926361
673.0,-0.06283970458775792,0.0013221928144984943,0.01,7244.070922374725
674.0,-0.13698628265176852,0.0017099885104597536,0.01,7254.879678487778
675.0,-0.0002539265492866558,0.0012110038522151437,0.01,7266.062212467194
676.0,-0.12350352192725705,0.0014415164610675287,0.01,7276.924271821976
677.0,-0.14354703307755204,0.0014199043314622733,0.01,7287.735857725143
678.0,-0.061394105971968205,0.001461869217789649,0.01,7298.953273534775
679.0,-0.06507925237955353,0.0014824818524112463,0.01,7309.878255605698
680.0,-0.1319304932701058,0.0017686543744437784,0.01,7320.710963964462
681.0,-0.061031253724217645,0.0018626515465986794,0.01,7331.364578962326
682.0,-0.13269111941800152,0.001537642009310784,0.01,7342.407851457596
683.0,-0.12964747832464396,0.0011932045444073894,0.01,7353.235888957977
684.0,-0.06309391775538419,0.0011674737229846455,0.01,7364.033944368362
685.0,-0.12616488905586384,0.0012014221408955365,0.01,7375.05770277977
686.0,-0.06166896878156384,0.0018814024466463355,0.01,7385.980623006821
687.0,-0.12800336794830933,0.001328103708237004,0.01,7396.857069730759
688.0,-0.28537461217753884,0.0017267416212892177,0.01,7407.962404489517
689.0,-0.23710741206072708,0.0015794202258307855,0.01,7418.914533376694
690.0,-0.13729859766618044,0.0020416936612950806,0.01,7429.784764051437
691.0,-0.13904900233459072,0.0016395404488528333,0.01,7440.932724475861
692.0,-0.0609607718484362,0.001229455335224785,0.01,7451.804170846939
693.0,-0.06207906736313131,0.0015151738595461824,0.01,7462.615383386612
694.0,-0.13676264739017155,0.001252011057694839,0.01,7473.798652410507
695.0,-0.0633067982366137,0.0014058120962518203,0.01,7484.6456480026245
696.0,-0.06399022264754532,0.0012595063024419498,0.01,7495.447803735733
697.0,-0.06471270750929183,0.0012248216913252293,0.01,7506.466411352158
698.0,-0.1312326083712421,0.0011530867406042606,0.01,7517.285339593887
699.0,-0.06459537380396368,0.0012751078128810087,0.01,7528.14635848999
700.0,-0.12898635875555292,0.0012919193768809263,0.01,7538.913932561874
701.0,-0.20595534567480103,0.001081495376656496,0.01,7549.98287987709
702.0,-0.060077156280391744,0.0012769775469741315,0.01,7560.817476034164
703.0,-0.13171975070246333,0.0015282621164863818,0.01,7571.541771173477
704.0,-0.06349646196557183,0.0012558915296172963,0.01,7582.693361997604
705.0,-0.12968266799392764,0.001192334446206569,0.01,7593.584727525711
706.0,-0.06586439898953311,0.0010158860527778892,0.01,7604.367921829224
707.0,-0.0673780300690019,0.0009926438324688242,0.01,7615.558814525604
708.0,-0.17603663747037018,0.0013743168732040737,0.01,7626.427173614502
709.0,-0.06284191702264305,0.0016575107794130535,0.01,7637.19562959671
710.0,-0.0608195097936322,0.0013397249942391852,0.01,7648.209072589874
711.0,-0.00028013172947769085,0.0010524435102245724,0.01,7659.073711872101
712.0,-0.0638586845213758,0.0014912537126202541,0.01,7669.853492498398
713.0,-0.06431061574652419,0.0017627714666316636,0.01,7680.512324333191
714.0,-0.06395678938196425,0.0018107877450068434,0.01,7691.708795070648
715.0,-0.0634517933720809,0.0016417648466903311,0.01,7702.558461427689
716.0,-0.12942280395002592,0.0012358904151720835,0.01,7713.383581638336
717.0,-0.06386601412473332,0.0014609107805305336,0.01,7724.5605409145355
718.0,-0.002025363399104159,0.0012371472612087901,0.01,7735.3562660217285
719.0,-0.0669037619629629,0.001291923758592272,0.01,7746.102824687958
720.0,-0.06241449944969533,0.0013104573342866163,0.01,7757.289546489716
721.0,-0.193087703528553,0.0016391913822649212,0.01,7768.163629293442
722.0,-0.12250700707101572,0.0015215800751212725,0.01,7779.060008525848
723.0,-0.19384649646679214,0.001614870079666247,0.01,7790.263227701187
724.0,-0.06077638358711182,0.0012516716197202222,0.01,7801.004416465759
725.0,-0.00017195156352694656,0.0015028846737730438,0.01,7811.843183517456
726.0,-0.12538975181073098,0.0018739386215013,0.01,7822.718248844147
727.0,-0.21009255689639594,0.0015688545016126966,0.01,7833.613621711731
728.0,-0.12357663335186188,0.0013167477046579841,0.01,7844.39962553978
729.0,-0.0005488536360188706,0.0012646135405837882,0.01,7855.181435346603
730.0,-0.00016755622843041208,0.0018658937669087127,0.01,7866.286323547363
731.0,-0.06215123132871559,0.0023099944288819327,0.01,7877.094371318817
732.0,-0.06420435572032898,0.0013186371162542982,0.01,7887.92170214653
733.0,-0.00027701892473857773,0.0012538112241239979,0.01,7899.030843257904
734.0,-0.06198270532800775,0.001653654769980487,0.01,7909.900973081589
735.0,-0.0665201647047621,0.0019142416963990002,0.01,7920.695189714432
736.0,-0.00020997119280655456,0.001456287019686672,0.01,7931.830354452133
737.0,-0.13079324516186308,0.0013269412002496256,0.01,7942.66313123703
738.0,-0.00047918743285360426,0.0015772839265847855,0.01,7953.375953674316
739.0,-0.1351342132017618,0.0016311108996851903,0.01,7964.538850545883
740.0,-0.06412127591648321,0.0024106012386993715,0.01,7975.370634794235
741.0,-0.0011578305476521514,0.0015817714963421816,0.01,7986.249177694321
742.0,-0.12136910897349597,0.0015653529300096232,0.01,7997.284818649292
743.0,-0.12642104103439716,0.0017885581226005118,0.01,8008.250161409378
744.0,-0.15793014983827383,0.0014554573557832933,0.01,8019.0625872612
745.0,-0.0007044251099940526,0.0020532204595505085,0.01,8029.8190305233
746.0,-0.1333206924897467,0.0013340268433059445,0.01,8040.939051389694
747.0,-0.061183774625024834,0.001852086239199311,0.01,8051.785650730133
748.0,-0.060986706484286,0.002222428572050637,0.01,8062.565081834793
749.0,-0.19125976664482272,0.0015412872060119073,0.01,8073.665221214294
750.0,-0.13568455489233702,0.002053752918162909,0.01,8084.586813926697
751.0,-0.19982026924604449,0.0022186395953672174,0.01,8095.473479270935
752.0,-0.06137492578383716,0.0015781951780341067,0.01,8106.68581533432
753.0,-0.17649049727402508,0.0016724389221629884,0.01,8117.559049844742
754.0,-0.06439652605553875,0.001518128132176733,0.01,8128.328224897385
755.0,-0.0635564107941799,0.0013483894979097134,0.01,8139.349941492081
756.0,-0.06428025451022511,0.0015294548480812976,0.01,8150.252013921738
757.0,-0.00039759596756216173,0.001693252434880279,0.01,8161.099004030228
758.0,-0.22291708676698932,0.0016913848703192307,0.01,8172.099082231522
759.0,-0.00030222529246704536,0.0013524754054148192,0.01,8183.074814319611
760.0,-0.0004227636951833071,0.0012860341698662054,0.01,8193.985672950745
761.0,-0.0641160659360384,0.0011822045342720086,0.01,8204.814061641693
762.0,-0.15900285912944792,0.0016148496421496614,0.01,8215.870999574661
763.0,-0.18176579628096873,0.0013690284916688458,0.01,8226.691498756409
764.0,-0.06080362544133727,0.001685911627304233,0.01,8237.473526239395
765.0,-0.06324080467495145,0.0013320961852424252,0.01,8248.553370475769
766.0,-0.06457856305751683,0.0015962284428902007,0.01,8259.39752483368
767.0,-0.0002712040227159569,0.0014063810072677892,0.01,8270.283586263657
768.0,-0.06824927935259181,0.0018708342911057765,0.01,8281.382420301437
769.0,-0.06367422539149523,0.0019001162223089118,0.01,8292.305517435074
770.0,-0.06352209551629746,0.001430756233501165,0.01,8303.179317474365
771.0,-0.20092271071576867,0.0014072647272138903,0.01,8314.37826037407
772.0,-0.062038707827822163,0.0014633480056032244,0.01,8325.272859096527
773.0,-0.06670563678501003,0.0014956964132039447,0.01,8336.159433603287
774.0,-0.06105864842245477,0.0013051926383707156,0.01,8347.24360370636
775.0,-0.0629702406624994,0.0013789720510566,0.01,8358.154905796051
776.0,-0.12999566757031122,0.0020894932377355005,0.01,8369.01175904274
777.0,-0.00014305436716718247,0.001304865938652823,0.01,8379.72839641571
778.0,-0.06328544763493793,0.001993638221843002,0.01,8390.848843812943
779.0,-0.12885616172365885,0.0019113083726191654,0.01,8401.630627393723
780.0,-0.22242822234028958,0.001652637228316692,0.01,8412.404773950577
781.0,-0.06471151709738454,0.001274117394258259,0.01,8423.458687067032
782.0,-0.12946189360478316,0.0012588623797608594,0.01,8434.409241199493
783.0,-0.062204895041134446,0.001174800986329573,0.01,8445.21337556839
784.0,-0.06259566995566382,0.0012342539487123065,0.01,8456.411887407303
785.0,-0.06300131580827356,0.0018135361591847337,0.01,8467.329343557358
786.0,-0.2207532888558752,0.0013238198930999301,0.01,8478.173352956772
787.0,-0.12014173689622436,0.001046096114643462,0.01,8489.354762077332
788.0,-0.06842705333340499,0.0010199666146873635,0.01,8500.17461681366
789.0,-0.06092370340866818,0.0013130708344887,0.01,8511.033321380615
790.0,-0.14020748829899307,0.0014677022763592478,0.01,8522.083714723587
791.0,-0.18886645789277473,0.0016692570683841438,0.01,8532.958763360977
792.0,-0.00014178568823407795,0.0010541502810210118,0.01,8543.89070391655
793.0,-0.06301743846766673,0.0011535931740527844,0.01,8554.723774671555
794.0,-0.06327827473332458,0.0010977629240772843,0.01,8565.798637151718
795.0,-0.20469229266584832,0.000998882791211847,0.01,8576.67047214508
796.0,-0.00023127072713250723,0.0011056537692674833,0.01,8587.464799165726
797.0,-0.13011284015468244,0.0013879225076415974,0.01,8598.724515199661
798.0,-0.06334035619735522,0.001104059422966139,0.01,8609.582644462585
799.0,-0.06471424082867247,0.0012413828652743989,0.01,8620.491248130798
800.0,-0.0629292424744667,0.001665883422667843,0.01,8631.700018644333
801.0,-0.06316033675327505,0.0017610549629091903,0.01,8642.605986833572
802.0,-0.06382193103094734,0.002203800409483622,0.01,8653.451771736145
803.0,-0.06395062112549504,0.0011351421287532268,0.01,8664.661173820496
804.0,-0.12909813979787232,0.0009721865497718538,0.01,8675.555971860886
805.0,-0.07117786931438265,0.0014985092770939895,0.01,8686.482422113419
806.0,-0.0649973530378788,0.0014638409946669392,0.01,8697.439318418503
807.0,-0.06431151010718049,0.0022350783663857175,0.01,8708.282487630844
808.0,-0.06510425758147113,0.002058698184843553,0.01,8719.170874357224
809.0,-0.17017117583869792,0.002007271709510743,0.01,8730.000216722488
810.0,-0.1818774069141991,0.0012324647830988253,0.01,8741.1285841465
811.0,-0.18507481372485896,0.001448652565555352,0.01,8751.98336482048
812.0,-0.22327336419054225,0.0012799650522889478,0.01,8762.653334617615
813.0,-0.0002900241555682344,0.0011492226202799338,0.01,8773.90213727951
814.0,-0.13014752536213933,0.0013429463819697462,0.01,8784.730148553848
815.0,-0.06433796793856919,0.001252202350832983,0.01,8795.509446382523
816.0,-0.06771584148095766,0.0011558977156268932,0.01,8806.744540929794
817.0,-0.12696929814183738,0.0009553228861693809,0.01,8817.687942504883
818.0,-0.0003243297679681648,0.0012817652280832004,0.01,8828.511639118195
819.0,-0.18281493241092336,0.0011403420363728068,0.01,8839.601925134659
820.0,-0.06364025814312685,0.0012942559112008607,0.01,8850.489742040634
821.0,-0.12829913405433366,0.0009078018417429769,0.01,8861.303354501724
822.0,-0.062021744240267206,0.0015420421377621996,0.01,8872.055570602417
823.0,-0.13384432941521077,0.0010529847226064136,0.01,8883.03624176979
824.0,-0.12878612760268576,0.0015332988019004501,0.01,8893.936887264252
825.0,-0.1234509119655903,0.0010079819196719898,0.01,8904.682023525238
826.0,-0.06411275161155665,0.0011693750374713028,0.01,8915.86285352707
827.0,-0.0635461497898675,0.0010938380600246,0.01,8926.627584218979
828.0,-0.06349781418355402,0.0011765617409854722,0.01,8937.474869728088
829.0,-0.061848451527206486,0.0019411525803175525,0.01,8948.639744758606
830.0,-0.06413160058757973,0.001223758137081796,0.01,8959.584577322006
831.0,-0.0647718184327335,0.001307320966913208,0.01,8970.31669139862
832.0,-0.06585594042604051,0.0010328631080735457,0.01,8981.614609003067
833.0,-0.06648662328613367,0.0012792753819883386,0.01,8992.533325433731
834.0,-0.06311737732390017,0.0009571521948979209,0.01,9003.413860321045
835.0,-0.06402961060990962,0.0012330955610781132,0.01,9014.346425533295
836.0,-0.063347302348326,0.0008869656829317885,0.01,9025.18685245514
837.0,-0.06288180050402689,0.0018766909410674493,0.01,9036.036632537842
838.0,-0.065383802296843,0.0012774344866214745,0.01,9046.764554738998
839.0,-0.06430629816435453,0.0009276387373926025,0.01,9057.902876138687
840.0,-0.06212580258995569,0.0011472358373523976,0.01,9068.784350156784
841.0,-0.0599348445888626,0.0011266458060334224,0.01,9079.621771335602
842.0,-0.06238647959561624,0.0016344323391809432,0.01,9090.81346154213
843.0,-0.13224536102940315,0.0016575098789232497,0.01,9101.743881225586
844.0,-0.0007174644567340308,0.001048998575828195,0.01,9112.574125766754
845.0,-0.06305806515503076,0.0011387362016945855,0.01,9123.817358016968
846.0,-0.1795012410248731,0.0013663865109193277,0.01,9134.619036912918
847.0,-0.1265175032016673,0.0012175962187714027,0.01,9145.473832130432
848.0,-0.0010876339469241356,0.0018436391365317867,0.01,9156.637817144394
849.0,-0.16494265024628124,0.0011967307440463987,0.01,9167.546080350876
850.0,-0.06465759256727337,0.001482079687037293,0.01,9178.337957382202
851.0,-0.0663585757803134,0.0015239450471973654,0.01,9189.272564172745
852.0,-0.06385037543446628,0.001958788914166824,0.01,9200.317422151566
853.0,-0.12468127497525931,0.0010458591704183065,0.01,9211.193405389786
854.0,-0.06547311503255589,0.0014901819708353684,0.01,9221.965549707413
855.0,-0.1430009222531548,0.0010184613122756934,0.01,9233.080894708633
856.0,-0.06276062395826021,0.0016885674938946814,0.01,9243.926559448242
857.0,-0.21953256772225443,0.0011802711593226927,0.01,9254.705575466156
858.0,-0.1260441508466051,0.0012511614889326036,0.01,9265.873752593994
859.0,-0.12636450521987022,0.0010790454937228103,0.01,9276.867980480194
860.0,-0.21106263926144417,0.0011273928141938337,0.01,9287.671881437302
861.0,-0.00016996397239852726,0.0010511850912843159,0.01,9298.892583370209
862.0,-0.06256771058147975,0.0011791430386636258,0.01,9309.773528814316
863.0,-0.1300598933175532,0.0014555130446661669,0.01,9320.6871073246
864.0,-0.19401179862856746,0.0022835389343274777,0.01,9331.668052196503
865.0,-0.1274477152715922,0.0013794108741457972,0.01,9342.595335006714
866.0,-0.0001465926012036625,0.0015637062188574473,0.01,9353.477523565292
867.0,-0.061559676214535966,0.001211039357735674,0.01,9364.39500617981
868.0,-0.062469219454518436,0.0010182545444003704,0.01,9375.328195095062
869.0,-0.12311909972379109,0.00119900430603377,0.01,9386.190385341644
870.0,-0.0007062715628321488,0.0014871909328630323,0.01,9396.993149280548
871.0,-0.2198685420050189,0.0011673750999005566,0.01,9408.05188035965
872.0,-0.00022460866945825657,0.0011074942287972824,0.01,9418.90804386139
873.0,-0.0621122751922126,0.0012503059995579672,0.01,9429.732697963715
874.0,-0.06270639614780808,0.0010370566794362915,0.01,9440.98204922676
875.0,-0.062155508329362986,0.0012058575355533123,0.01,9451.8788356781
876.0,-0.20630647669370908,0.0009684676157787793,0.01,9462.784021377563
877.0,-0.06479395927958001,0.0009697373705169205,0.01,9474.065440893173
878.0,-0.06019566050279615,0.0008099520493109738,0.01,9484.937545537949
879.0,-0.062207041688634473,0.0008947277052032918,0.01,9495.873863220215
880.0,-0.06422997142074927,0.001084193988129183,0.01,9507.060783624649
881.0,-0.06148872813136584,0.0009442110334714358,0.01,9517.878722429276
882.0,-0.06363734885977172,0.001245476737143564,0.01,9528.821680784225
883.0,-0.0636814525695233,0.0010044364237611523,0.01,9539.721910238266
884.0,-0.06210663599736496,0.0014931087854426668,0.01,9550.503029108047
885.0,-0.06245807695273132,0.00158370488786051,0.01,9561.337912797928
886.0,-0.0003118699566758433,0.0010312616388258146,0.01,9572.252259016037
887.0,-0.001408396452786628,0.0008463991832133327,0.01,9583.417747497559
888.0,-0.12325126272574574,0.0008254593369633992,0.01,9594.23327589035
889.0,-0.0625631796324461,0.000960696834695092,0.01,9605.04444026947
890.0,-0.0001945789234747158,0.0010177947386020407,0.01,9616.2827398777
891.0,-0.06326501447962041,0.0014737952704596711,0.01,9627.190322637558
892.0,-0.0003247111053022246,0.0010796268763064434,0.01,9637.999768733978
893.0,-0.062101013120948755,0.0008465160332195977,0.01,9649.269164085388
894.0,-0.0017242580435637776,0.0008377270729253345,0.01,9660.253358602524
895.0,-0.06313404015459019,0.0011503102108294438,0.01,9671.062220573425
896.0,-0.1378120797635789,0.0012604384239311192,0.01,9682.152291536331
897.0,-0.06435697840506908,0.0012775813079540534,0.01,9693.034613370895
898.0,-0.22516280722318,0.001123680996087306,0.01,9703.85452914238
899.0,-0.0657418750297327,0.0014090171149507681,0.01,9714.836445569992
900.0,-0.13905357134872331,0.0012523010424983752,0.01,9725.614770650864
901.0,-0.06009328857546079,0.00126176669047961,0.01,9736.383833169937
902.0,-0.13053892353768579,0.0008473018712927771,0.01,9747.09133553505
903.0,-0.0005796589224769534,0.0010232133132412496,0.01,9758.208597183228
904.0,-0.1367278830876156,0.0007145419606759149,0.01,9769.065775156021
905.0,-0.00032946278760321527,0.0013014394147344635,0.01,9779.856547355652
906.0,-0.1257438652778186,0.0011566915074743718,0.01,9791.31059384346
907.0,-0.00045106830763338816,0.0015274310319702887,0.01,9802.256694078445
908.0,-0.1420151484173118,0.0015735326520407039,0.01,9813.13198852539
909.0,-0.062330468283419115,0.0014375696955179556,0.01,9824.361639738083
910.0,-0.061512351155269686,0.0008310271233394005,0.01,9835.21624803543
911.0,-0.06390820542172586,0.0007572534402180002,0.01,9846.112626075745
912.0,-0.13137074692791942,0.0011716809689694334,0.01,9857.161217927933
913.0,-0.14554654965844008,0.0014950620322568932,0.01,9868.013446092606
914.0,-0.0005701378189812658,0.0010286145895433676,0.01,9878.926911830902
915.0,-0.06461458834541986,0.000981223340564647,0.01,9889.90612745285
916.0,-0.059884320721151234,0.0008929422370729838,0.01,9900.76374578476
917.0,-0.193640295869788,0.0008927231249952744,0.01,9911.608894824982
918.0,-0.06347191400221934,0.0012050686175888866,0.01,9922.459731340408
919.0,-0.06342040818024644,0.0017724870485115317,0.01,9933.653918504715
920.0,-0.21925166945891467,0.0010711281407062001,0.01,9944.58597612381
921.0,-0.12763849371644373,0.0010540202792531045,0.01,9955.47508072853
922.0,-0.12740990865636467,0.0016815912859954659,0.01,9966.600930690765
923.0,-0.12306110731029818,0.0014952010150058286,0.01,9977.520469903946
924.0,-0.0009660914494264957,0.0008792451292963348,0.01,9988.333589076996
925.0,-0.0007131547855332771,0.0017385582467264469,0.01,9999.55497264862
926.0,-0.13218867550943467,0.0011261147050714896,0.01,10010.495228290558
927.0,-0.14631537566128783,0.0009137054358950198,0.01,10021.360868215561
928.0,-0.1843061879965801,0.000878414931006287,0.01,10032.501175642014
929.0,-0.00022952871002661956,0.0011561482877926992,0.01,10043.367650032043
930.0,-0.12389775302509104,0.0011242821714368251,0.01,10054.17662858963
931.0,-0.0669200542667895,0.0011947855870884907,0.01,10065.152619838715
932.0,-0.062096971025425975,0.0007850390546010014,0.01,10075.956720352173
933.0,-0.06393965505435283,0.000819185581709498,0.01,10086.798953771591
934.0,-0.061564430384241545,0.000934793954164177,0.01,10097.71411895752
935.0,-0.061310472978962985,0.0007754725758228358,0.01,10108.86116528511
936.0,-0.06342919429404205,0.0010628165008089883,0.01,10119.825563192368
937.0,-0.06071944063480632,0.0008202358618687543,0.01,10130.707579374313
938.0,-0.217132594808137,0.0008448545762227092,0.01,10141.918137073517
939.0,-0.1262135180143116,0.0010331498691235844,0.01,10152.955024719238
940.0,-0.1913853593248993,0.00098079937570129,0.01,10163.868988513947
941.0,-0.06266513344878158,0.0010508454665841332,0.01,10175.08571267128
942.0,-0.1284955342210771,0.0011847770606031604,0.01,10185.990097999573
943.0,-0.0617001352719041,0.0008761744051802866,0.01,10196.907021284103
944.0,-0.06239669758924152,0.001005376737114125,0.01,10208.1402759552
945.0,-0.00020081564163194882,0.0010424759057419614,0.01,10219.00120639801
946.0,-0.1442277251014863,0.0008593941829801252,0.01,10229.945265769958
947.0,-0.12615193028096333,0.0014180776857342203,0.01,10241.045136451721
948.0,-0.06086484246651272,0.0007993569633621483,0.01,10251.96467924118
949.0,-0.0626247947277501,0.0007853395486248215,0.01,10262.729845046997
950.0,-0.12213246968744652,0.0010090929209392997,0.01,10273.484216690063
951.0,-0.12713286379351754,0.0007718452226513499,0.01,10284.526677131653
952.0,-0.0005791559073475519,0.0008179211042738418,0.01,10295.479123353958
953.0,-0.06380486941359903,0.0008601504205126721,0.01,10306.31398153305
954.0,-0.06462557897575488,0.0010478527459205304,0.01,10317.462884902954
955.0,-0.2483230283877943,0.0012409991185909303,0.01,10328.38376379013
956.0,-0.15044883538969608,0.001336907624442241,0.01,10339.26716208458
957.0,-0.06349803691178629,0.0008013300931353196,0.01,10350.537015676498
958.0,-0.12822430058944653,0.0012279715245511235,0.01,10361.41517996788
959.0,-0.060052207797784675,0.0018209921398389126,0.01,10372.15847492218
960.0,-0.12766343455889992,0.0010719525554023757,0.01,10383.397171497345
961.0,-0.0001865195189814176,0.0007891120835170519,0.01,10394.390183448792
962.0,-0.1255715616540639,0.0010499730098204188,0.01,10405.128581523895
963.0,-0.0006036091585317069,0.0016889693515172394,0.01,10416.204568624496
964.0,-0.06296501671271497,0.0009508272869245029,0.01,10427.071897029877
965.0,-0.06482662604017195,0.0011959359813988725,0.01,10437.97466993332
966.0,-0.12744347302033365,0.0014137783745363686,0.01,10448.795550584793
967.0,-0.06424108337928601,0.0007685894549404742,0.01,10459.82047867775
968.0,-0.24036197758931307,0.0008460397578229537,0.01,10470.70721745491
969.0,-0.0006487439167210423,0.0014305505011170771,0.01,10481.56598830223
970.0,-0.2030401262122382,0.0008266525159216495,0.01,10492.87560749054
971.0,-0.06637642008680193,0.0017025447522617397,0.01,10503.724173069
972.0,-0.14306155854225608,0.0015511760857857598,0.01,10514.537273645401
973.0,-0.1305916602894094,0.0009129340068833663,0.01,10525.755848646164
974.0,-0.0004458138032082848,0.0011149243828275767,0.01,10536.72241640091
975.0,-0.18424050288716226,0.0012026582190439584,0.01,10547.642577409744
976.0,-0.0647894410796702,0.0009019674942482927,0.01,10558.93170952797
977.0,-0.06262528459395425,0.001099868688650549,0.01,10569.83074593544
978.0,-0.0638305561452541,0.0010310566663110426,0.01,10580.709576845169
979.0,-0.13810171657900877,0.0010198186859684433,0.01,10591.817265510559
980.0,-0.06600339667753335,0.0009657372928012421,0.01,10602.741422176361
981.0,-0.00013872200781764565,0.0007200618667843853,0.01,10613.646595716476
982.0,-0.0631679401606056,0.0007078852252354661,0.01,10624.494405031204
983.0,-0.16189768014062583,0.0008427072075797282,0.01,10635.594668626785
984.0,-0.06120200468529802,0.0008510693554457572,0.01,10646.486597537994
985.0,-0.0626173739650693,0.0009480129877257502,0.01,10657.358788967133
986.0,-0.18304391725114338,0.0009026613569412713,0.01,10668.471674919128
987.0,-0.06255994356807475,0.0011596970012616643,0.01,10679.291867733002
988.0,-0.12964102571190242,0.001268136367492267,0.01,10690.205548524857
989.0,-0.13402708922133585,0.0011023239517586748,0.01,10701.3404443264
990.0,-0.0004099115085592926,0.0008147443348765466,0.01,10712.310027360916
991.0,-0.06251380866355662,0.0010587594524892692,0.01,10723.183158159256
992.0,-0.13249229525267858,0.001029293210473889,0.01,10734.456000804901
993.0,-0.13040478450766993,0.001025130496807581,0.01,10745.373934268951
994.0,-0.14203474157141832,0.0011705695492985409,0.01,10756.223143100739
995.0,-0.19046709456050126,0.0009522997177122991,0.01,10767.281183719635
996.0,-0.06289694359347459,0.0011064717119633413,0.01,10778.130905389786
997.0,-0.061396454088874494,0.0010163646469717974,0.01,10789.01533985138
998.0,-0.06341412291965143,0.000789410428900161,0.01,10799.88346362114
999.0,-0.13203663772908952,0.0012492259012277026,0.01,10810.932111740112
